PO,Part number,ITEM Name,PU,Chassis-Cab,ROW,GCC,Australia,Canada / Mexico,US,EU,Quantity per           vehicle,Procured,Print in house,Engraving or riveting,Self destructive,Removable,Prio,Catalogue number,"PTO ""engineering vehicle""","SOP ""saleable vehicle""",Release started (only ECO),MODULE,Drawings chek,variant formula,Label,notes,image,markets,complexity,market_count,complexity_count
x,EI-0000015535,PASSENGER AIRBAG LABLE ON DASHBOARD US,True,False,False,False,False,True,True,False,1,True,False,False,False,True,1.0,1.6,False,True,True,INTERIOR,okay,ZDU OR ZDV,,,EI-0000015535.png,"['PU', 'Canada / Mexico', 'US']","['Procured', 'Removable']",3,2
x,PL-0000000001,TIRE PRESSURE LABLE TANK/FLAP/DR INR,False,False,True,False,True,False,False,True,1,False,True,False,True,False,1.0,2.2,True,True,True,HANG ON PARTS,okay,AAB OR !(ZDC OR ZDD OR ZDE OR ZDZ OR ZEB OR ZEA) AND AAJ,,,PL-0000000001.png,"['ROW', 'Australia', 'EU']","['Print in house', 'Self destructive']",3,2
x,PL-0000000002,TIRE PRESSURE LABLE TANK/FLAP/DR GCC,False,False,False,True,False,False,False,False,1,False,True,False,True,False,1.0,2.2,True,True,True,HANG ON PARTS,okay,(ZDD OR ZDE OR ZDZ OR ZEA OR ZEB OR ZDC) AND AAJ,,,PL-0000000002.png,['GCC'],"['Print in house', 'Self destructive']",1,2
x,PL-0000000034,TIRE PRESSURE LABLE TANK/FLAP/DR INR PU,True,False,True,False,True,False,False,True,1,False,True,False,True,False,1.0,2.2,True,True,True,HANG ON PARTS,okay,AAN OR !(ZDC OR ZDD OR ZDE OR ZDZ OR ZEB OR ZEA) AND AAP,,,PL-0000000034.png,"['PU', 'ROW', 'Australia', 'EU']","['Print in house', 'Self destructive']",4,2
x,PL-0000000035,TIRE PRESSURE LABLE TANK/FLAP/DR GCC PU,True,False,False,True,False,False,False,False,1,False,True,False,True,False,1.0,2.2,True,True,True,HANG ON PARTS,okay,(ZDC OR ZDD OR ZDE OR ZDZ OR ZEB OR ZEA) AND AAP,,,PL-0000000035.png,"['PU', 'GCC']","['Print in house', 'Self destructive']",2,2
,EI-0000034249,FUEL ECONOMY LABLE GCC LWB MY25,False,False,False,True,False,False,False,False,1,True,False,False,False,True,1.0,2.3,False,True,True,HANG ON PARTS,okay,(ZDC OR ZDD OR ZDE OR ZDZ OR ZEB OR ZEA) AND AAP,,,EI-0000034249.png,['GCC'],"['Procured', 'Removable']",1,2
,EI-0000034250,FUEL ECONOMY LABLE GCC PU MY25,True,False,False,True,False,False,False,False,1,True,False,False,False,True,1.0,2.3,False,True,True,HANG ON PARTS,okay,AAP AND OME AND (ZDC OR ZDD OR ZDE OR ZDZ OR ZEB OR ZEA),,,EI-0000034250.png,"['PU', 'GCC']","['Procured', 'Removable']",2,2
,EI-0000034251,FUEL ECONOMY LABLE SASO LWB MY25,False,False,False,True,False,False,False,False,1,True,False,False,False,True,1.0,2.3,False,True,True,HANG ON PARTS,okay,x,,,EI-0000034251.png,['GCC'],"['Procured', 'Removable']",1,2
,EI-0000034252,FUEL ECONOMY LABLE SASO PU MY25,True,False,False,True,False,False,False,False,1,True,False,False,False,True,1.0,2.3,False,True,True,HANG ON PARTS,okay,x,,,EI-0000034252.png,"['PU', 'GCC']","['Procured', 'Removable']",2,2
x,"PL-0000000003 
PL-0000000028
PL-0000000029 
PL-0000000030",MANUFACTURERS PLATE LABLE EU,True,False,False,False,False,False,False,True,1,False,True,False,True,False,1.0,3.1,True,True,True,BODY IN WHITE,okay,"AAB AND !ZAA AND GAA AND GEB
AAB AND !ZAA AND GAA AND GEC
AAB AND !ZAA AND GAB AND GEB
AAB AND !ZAA AND GAB AND GEC",,,PL-0000000003_PL-0000000028_PL-0000000029_PL-0000000030.png,"['PU', 'EU']","['Print in house', 'Self destructive']",2,2
x,PL-0000000040,MANUFACTURERS PLATE LABLE US,True,False,False,False,False,False,True,False,1,False,True,False,True,False,1.0,3.1,True,True,True,BODY IN WHITE,okay,ZDU,,,PL-0000000040.png,"['PU', 'US']","['Print in house', 'Self destructive']",2,2
x,PL-0000000041,MANUFACTURERS PLATE LABLE CDN,True,False,False,False,False,True,False,False,1,False,True,False,True,False,1.0,3.1,True,True,True,BODY IN WHITE,okay,ZDV,,,PL-0000000041.png,"['PU', 'Canada / Mexico']","['Print in house', 'Self destructive']",2,2
x,PL-0000000006,MANUFACTURERS PLATE LABLE GCC,True,False,False,True,False,False,False,False,1,False,True,False,True,False,1.0,3.1,True,True,True,BODY IN WHITE,okay,ZDC OR ZDD OR ZDE OR ZDZ OR ZEA OR ZEB,,,PL-0000000006.png,"['PU', 'GCC']","['Print in house', 'Self destructive']",2,2
x,PL-0000000031,MANUFACTURERS PLATE LABLE AUS,True,False,False,False,True,False,False,False,1,False,True,False,True,False,1.0,3.1,True,True,True,BODY IN WHITE,okay,ZDF,,,PL-0000000031.png,"['PU', 'Australia']","['Print in house', 'Self destructive']",2,2
x,PL-0000000032,MANUFACTURERS PLATE LABLE ROW,True,False,True,False,False,False,False,False,1,False,True,False,True,False,1.0,3.1,True,True,True,BODY IN WHITE,okay,AAN OR AAP AND !(ZDC OR ZDD OR ZDE OR ZDF OR ZDZ OR ZEB OR ZEA) OR AAJ AND !(ZDC OR ZDD OR ZDE OR ZDF OR ZDZ OR ZEB OR ZEA),,,PL-0000000032.png,"['PU', 'ROW']","['Print in house', 'Self destructive']",2,2
x,"EI-0000015560/
PL-0000000008",TIRE PRESSURE LABLE B-PILLAR/DOOR US,True,False,False,False,False,True,True,False,1,True,True,False,True,False,1.0,3.5,True,True,True,HANG ON PARTS,okay,ZDU OR ZDV,,,EI-0000015560_PL-0000000008.png,"['PU', 'Canada / Mexico', 'US']","['Procured', 'Print in house', 'Self destructive']",3,3
x,PL-0000000009,VEHICLE IDENT NR LABLE WINDSHIELD,True,True,True,True,True,True,True,True,1,False,True,False,True,False,1.0,4.1,True,True,True,BODY IN WHITE,okay,all,,,PL-0000000009.png,"['PU', 'Chassis-Cab', 'ROW', 'GCC', 'Australia', 'Canada / Mexico', 'US', 'EU']","['Print in house', 'Self destructive']",8,2
x,PL-0000000010,FUEL TYPE LABLE,True,False,True,True,True,False,False,True,Gasoline,False,True,False,True,False,2.0,5.4,True,True,True,HANG ON PARTS,okay,GEB OR GEH,,,PL-0000000010.png,"['PU', 'ROW', 'GCC', 'Australia', 'EU']","['Print in house', 'Self destructive']",5,2
x,PL-0000000042,FUEL TYPE LABLE US,True,False,False,False,False,True,True,False,Gasoline,False,True,False,True,False,2.0,5.4,True,True,True,HANG ON PARTS,okay,GEI,,,PL-0000000042.png,"['PU', 'Canada / Mexico', 'US']","['Print in house', 'Self destructive']",3,2
x,PL-0000000011,EMISSION LABLE US,True,False,False,False,False,True,True,False,1,False,True,False,True,False,1.0,6.6,True,True,True,HANG ON PARTS,okay,ZDU OR ZDV,,,PL-0000000011.png,"['PU', 'Canada / Mexico', 'US']","['Print in house', 'Self destructive']",3,2
x,EI-0000024850,AIR CONDITIONING LABLE,True,True,True,False,True,True,True,False,1234yf,True,False,False,True,False,1.0,6.9,True,True,True,CHASSIS,okay,DSC,,,,"['PU', 'Chassis-Cab', 'ROW', 'Australia', 'Canada / Mexico', 'US']","['Procured', 'Self destructive']",6,2
x,EI-0000024849,AIR CONDITIONING LABLE,True,True,True,True,False,False,False,False,134a,True,False,False,True,False,1.0,6.9,True,True,True,CHASSIS,okay,DSD,,,,"['PU', 'Chassis-Cab', 'ROW', 'GCC']","['Procured', 'Self destructive']",4,2
x,PL-0000000013,LED LABLE,True,False,True,True,True,True,True,True,1,True,False,False,True,False,1.0,6.17,True,True,True,CHASSIS,okay,all,,,PL-0000000013.png,"['PU', 'ROW', 'GCC', 'Australia', 'Canada / Mexico', 'US', 'EU']","['Procured', 'Self destructive']",7,2
x,EI-0000015589,COMPLIANCE LABLE EU,False,False,False,False,False,False,False,False,1,True,False,False,True,False,1.0,8.1,True,True,True,INTERIOR,okay,(AAB OR AAN) AND GAB,,,EI-0000015589.png,[],"['Procured', 'Self destructive']",0,2
x,"PL-0000000014
PL-0000000026",ANTI THEFT PROT IDENTIFICTION LABLE US,True,False,False,False,False,False,True,False,16,False,True,False,True,False,1.0,9.2,True,True,True,HANG ON PARTS,okay,ZDU,,,PL-0000000014_PL-0000000026.png,"['PU', 'US']","['Print in house', 'Self destructive']",2,2
x,"PL-0000000015
PL-0000000027",ANTI THEFT PROT IDENTIFICTION LABLE GCC,True,False,False,True,False,False,False,False,13,False,True,False,True,False,1.0,9.2,True,True,True,HANG ON PARTS,okay,ZDC OR ZDD OR ZDE OR ZDZ OR ZEA OR ZEB,,,PL-0000000015_PL-0000000027.png,"['PU', 'GCC']","['Print in house', 'Self destructive']",2,2
x,EI-0000015597,HAZARDOUS TO HEALTH LABLE US,True,False,False,False,False,False,True,False,1,True,False,False,False,True,1.0,19.2,False,True,True,HANG ON PARTS,okay,ZDU,,,EI-0000015597.png,"['PU', 'US']","['Procured', 'Removable']",2,2
x,EI-0000016439,WARNING LABEL - SAFETY VEST,True,False,True,True,True,True,True,True,"2 SW
1 PU",True,False,False,True,False,2.0,2.6,True,True,True,HANG ON PARTS,okay,all,,,EI-0000016439.png,"['PU', 'ROW', 'GCC', 'Australia', 'Canada / Mexico', 'US', 'EU']","['Procured', 'Self destructive']",7,2
x,EI-0000022383,VIN PROTECTION LABEL,True,False,True,True,True,True,True,True,1,True,False,False,True,False,2.0,3.3,True,True,True,BODY IN WHITE,okay,all,,,EI-0000022383.png,"['PU', 'ROW', 'GCC', 'Australia', 'Canada / Mexico', 'US', 'EU']","['Procured', 'Self destructive']",7,2
x,EI-0000016442,SIDE AIRBAG WARNING US/CDN,True,False,False,False,False,True,True,False,1,True,False,False,True,False,2.0,3.8,True,True,True,HANG ON PARTS,okay,ZDU OR ZDV,,,EI-0000016442.png,"['PU', 'Canada / Mexico', 'US']","['Procured', 'Self destructive']",3,2
x,PL-0000000016,ROOF OVERLOADING WARNING,True,False,True,True,True,True,True,True,1,False,True,False,True,False,2.0,3.11,True,True,True,HANG ON PARTS,okay,all,,,PL-0000000016.png,"['PU', 'ROW', 'GCC', 'Australia', 'Canada / Mexico', 'US', 'EU']","['Print in house', 'Self destructive']",7,2
x,PL-0000000017,LABEL FOR ACCESSORIES/OPTIONS,True,False,True,True,True,True,True,True,1,False,True,False,True,False,2.0,3.14,False,True,True,HANG ON PARTS,okay,all,,,PL-0000000017.png,"['PU', 'ROW', 'GCC', 'Australia', 'Canada / Mexico', 'US', 'EU']","['Print in house', 'Self destructive']",7,2
x,EI-0000016449,WARNING LABEL - REFUELLING BY CANISTER,True,False,True,True,True,True,True,True,1,True,False,False,True,False,2.0,5.5,True,True,True,HANG ON PARTS,okay,all,,,EI-0000016449.png,"['PU', 'ROW', 'GCC', 'Australia', 'Canada / Mexico', 'US', 'EU']","['Procured', 'Self destructive']",7,2
x,PL-0000000018,OIL RECOMMENDATION,True,False,True,True,True,True,True,True,1,False,True,False,True,False,1.0,6.8,True,True,True,POWERTRAIN,okay,all,,,PL-0000000018.png,"['PU', 'ROW', 'GCC', 'Australia', 'Canada / Mexico', 'US', 'EU']","['Print in house', 'Self destructive']",7,2
x,EI-0000016454,FAN BELT WARNING,True,False,True,True,True,True,True,True,Gasoline,True,False,False,True,False,2.0,6.13,True,True,True,CHASSIS,okay,(GEB) OR (GEH) OR (GEI),,,EI-0000016454.png,"['PU', 'ROW', 'GCC', 'Australia', 'Canada / Mexico', 'US', 'EU']","['Procured', 'Self destructive']",7,2
x,PL-0000000019,4WD DYNAMOMETER TEST,True,False,True,True,True,True,True,True,1,False,True,False,True,False,2.0,6.16,True,True,True,CHASSIS,okay,all,,,PL-0000000019.png,"['PU', 'ROW', 'GCC', 'Australia', 'Canada / Mexico', 'US', 'EU']","['Print in house', 'Self destructive']",7,2
x,PL-0000000020,HOT ENGINE PARTS WARNING,True,False,True,True,True,True,True,True,1,False,True,False,True,False,2.0,6.21,True,True,True,CHASSIS,okay,all,,,PL-0000000020.png,"['PU', 'ROW', 'GCC', 'Australia', 'Canada / Mexico', 'US', 'EU']","['Print in house', 'Self destructive']",7,2
x,PL-0000000021,SILICON ADDITIVE WARNING,True,False,False,False,False,False,True,False,1,False,True,False,True,False,2.0,6.22,True,True,True,EXTERIOR,okay,ZDU,,,PL-0000000021.png,"['PU', 'US']","['Print in house', 'Self destructive']",2,2
x,PL-0000000022,HOOD OPERATION WARNING,False,False,True,True,True,True,True,True,1,False,True,False,True,False,2.0,6.23,True,True,True,HANG ON PARTS,okay,AAB OR AAF OR AAJ,,,PL-0000000022.png,"['ROW', 'GCC', 'Australia', 'Canada / Mexico', 'US', 'EU']","['Print in house', 'Self destructive']",6,2
x,PL-0000000039,HOOD OPERATION WARNING PU,True,False,True,True,True,True,True,True,1,False,True,False,True,False,2.0,6.23,True,True,True,HANG ON PARTS,okay,AAN OR AAO OR AAP,,,PL-0000000039.png,"['PU', 'ROW', 'GCC', 'Australia', 'Canada / Mexico', 'US', 'EU']","['Print in house', 'Self destructive']",7,2
x,PL-0000000023,12 V CHARGING,False,False,True,True,True,True,True,True,1,False,True,False,True,False,2.0,8.6,True,True,True,INTERIOR,okay,AAB OR AAF OR AAJ,,,PL-0000000023.png,"['ROW', 'GCC', 'Australia', 'Canada / Mexico', 'US', 'EU']","['Print in house', 'Self destructive']",6,2
x,PL-0000000024,TRAILER COUPLING INFORMATION,False,False,False,False,False,False,False,True,1,False,True,False,True,False,2.0,12.3,True,True,True,EXTERIOR,okay,AAB OR AAF OR AAJ,,,PL-0000000024.png,['EU'],"['Print in house', 'Self destructive']",1,2
x,PL-0000000036,TRAILER COUPLING INFORMATION PU,True,False,False,False,False,False,False,True,1,False,True,False,True,False,2.0,12.3,True,True,True,EXTERIOR,okay,AAN OR AAO OR AAP,,,PL-0000000036.png,"['PU', 'EU']","['Print in house', 'Self destructive']",2,2
x,PL-0000000052,TRAILER COUPLING INFORMATION,False,False,True,True,False,True,False,False,1,False,True,False,True,False,2.0,12.3,True,True,True,EXTERIOR,okay,,,,PL-0000000052.png,"['ROW', 'GCC', 'Canada / Mexico']","['Print in house', 'Self destructive']",3,2
x,PL-0000000053,TRAILER COUPLING INFORMATION PU,True,False,True,True,False,True,False,False,1,False,True,False,True,False,2.0,12.3,True,True,True,EXTERIOR,okay,,,,PL-0000000053.png,"['PU', 'ROW', 'GCC', 'Canada / Mexico']","['Print in house', 'Self destructive']",4,2
x,PL-0000000054,TRAILER COUPLING INFORMATION,False,False,False,False,False,False,True,False,1,False,True,False,True,False,2.0,12.3,True,True,True,EXTERIOR,okay,,,,PL-0000000054.png,['US'],"['Print in house', 'Self destructive']",1,2
x,PL-0000000055,TRAILER COUPLING INFORMATION PU,True,False,False,False,False,False,True,False,1,False,True,False,True,False,2.0,12.3,True,True,True,EXTERIOR,okay,,,,PL-0000000055.png,"['PU', 'US']","['Print in house', 'Self destructive']",2,2
x,PL-0000000056,TRAILER COUPLING INFORMATION,False,False,False,False,True,False,False,False,1,False,True,False,True,False,2.0,12.3,True,True,True,EXTERIOR,okay,,,,PL-0000000056.png,['Australia'],"['Print in house', 'Self destructive']",1,2
x,PL-0000000077,TRAILER COUPLING INFORMATION PU,True,False,False,False,True,False,False,False,1,False,True,False,True,False,2.0,12.3,True,True,True,EXTERIOR,okay,,,,PL-0000000077.png,"['PU', 'Australia']","['Print in house', 'Self destructive']",2,2
x,EI-0000016466,TOWING/EMERGENCY RESCUE CAUTION AWD,False,False,True,True,True,True,True,True,1,True,False,False,True,False,2.0,16.2,True,True,True,HANG ON PARTS,okay,AAB OR AAF OR AAJ,,,EI-0000016466.png,"['ROW', 'GCC', 'Australia', 'Canada / Mexico', 'US', 'EU']","['Procured', 'Self destructive']",6,2
x,EI-0000023495,TOWING/EMERGENCY RESCUE CAUTION AWD PU,True,False,True,True,True,True,True,True,1,True,False,False,True,False,2.0,16.2,True,True,True,HANG ON PARTS,okay,AAN OR AAO OR AAP,,,EI-0000023495.png,"['PU', 'ROW', 'GCC', 'Australia', 'Canada / Mexico', 'US', 'EU']","['Procured', 'Self destructive']",7,2
x,EI-0000016626,BATTERY LABEL,True,False,True,True,True,True,True,True,1,True,False,False,True,False,2.0,7.4,True,True,True,POWERTRAIN,okay,"1x all
2x VDA",,,EI-0000016626.png,"['PU', 'ROW', 'GCC', 'Australia', 'Canada / Mexico', 'US', 'EU']","['Procured', 'Self destructive']",7,2
x,EI-0000016675,VEHICLE OVERLOADING WARNING,True,False,True,True,True,True,True,True,1,True,False,False,True,False,2.0,12.1,True,True,True,HANG ON PARTS,okay,all,,,EI-0000016675.png,"['PU', 'ROW', 'GCC', 'Australia', 'Canada / Mexico', 'US', 'EU']","['Procured', 'Self destructive']",7,2
x,EI-0000016986,ALARM SYSTEM,True,False,False,True,False,False,False,False,1,True,False,False,True,False,1.0,2.8,True,True,True,HANG ON PARTS,okay,ZDC OR ZDD OR ZDE OR ZDZ OR ZEB OR ZEA,,,EI-0000016986.png,"['PU', 'GCC']","['Procured', 'Self destructive']",2,2
x,EI-0000017113,HEADREST LABEL,True,False,True,False,True,False,False,True,2,True,False,False,True,False,2.0,1.7,True,True,True,BODY IN WHITE,okay,((AAB OR AAN)) OR ((AAJ OR AAP) AND !(ZDC OR ZDD OR ZDE OR ZDZ OR ZEB OR ZEA),,,EI-0000017113.png,"['PU', 'ROW', 'Australia', 'EU']","['Procured', 'Self destructive']",4,2
x,PL-0000000025,TYPE LABLE EU,True,False,True,True,True,True,False,True,Diesel,False,True,False,True,False,2.0,5.4,True,True,True,HANG ON PARTS,okay,(GEC) OR (GEF),,,PL-0000000025.png,"['PU', 'ROW', 'GCC', 'Australia', 'Canada / Mexico', 'EU']","['Print in house', 'Self destructive']",6,2
x,El-0000018862,PRE-PRODUCTION-VEHICLE,True,False,True,True,True,True,True,True,3,True,False,False,True,False,2.0,3.19,True,False,True,"BODY IN WHITE
POWERTRAIN",okay,OBP,,,El-0000018862.png,"['PU', 'ROW', 'GCC', 'Australia', 'Canada / Mexico', 'US', 'EU']","['Procured', 'Self destructive']",7,2
x,EI-0000021000,LOAD LIMIT LADDER,False,False,True,True,True,True,True,True,1,True,False,False,False,False,2.0,12.4,True,True,True,EXTERIOR,okay,VAU,,,EI-0000021000.png,"['ROW', 'GCC', 'Australia', 'Canada / Mexico', 'US', 'EU']",['Procured'],6,1
x,EI-0000021208,HOOD ROOD LABEL,True,False,True,True,True,True,True,True,1,True,False,False,False,False,2.0,13.2,True,True,True,HANG ON PARTS,okay,all,,,EI-0000021208.png,"['PU', 'ROW', 'GCC', 'Australia', 'Canada / Mexico', 'US', 'EU']",['Procured'],7,1
x,EI-0000024556,DIFF LOCK LABEL,True,False,True,True,True,True,True,True,1,True,False,False,False,False,2.0,8.7,True,True,True,INTERIOR,okay,DDA,,,EI-0000024556.png,"['PU', 'ROW', 'GCC', 'Australia', 'Canada / Mexico', 'US', 'EU']",['Procured'],7,1
x,"PL-0000000057
PL-0000000058",BATTERY SHORT CIRCUITS & SHOCK FIRE HAZZARDS,True,True,True,True,True,True,True,True,1,False,True,False,True,False,2.0,7.5,True,True,False,,okay,VDA,,,PL-0000000057_PL-0000000058.png,"['PU', 'Chassis-Cab', 'ROW', 'GCC', 'Australia', 'Canada / Mexico', 'US', 'EU']","['Print in house', 'Self destructive']",8,2
x,PL-0000000059,RESTRICTED USE LABEL,True,False,True,True,True,True,True,True,1,False,True,False,True,False,2.0,19.3,True,False,False,,okay,OBP,,,PL-0000000059.png,"['PU', 'ROW', 'GCC', 'Australia', 'Canada / Mexico', 'US', 'EU']","['Print in house', 'Self destructive']",7,2
x,PL-0000000070,ICES LABEL,True,False,False,False,False,True,False,False,1,False,True,False,True,False,1.0,3.16,True,True,False,,okay,ZDV,,,PL-0000000070.png,"['PU', 'Canada / Mexico']","['Print in house', 'Self destructive']",2,2
x,PL-0000000061,WARNING BATTERY DISCONNECTION,True,True,True,True,True,False,False,True,1,False,True,False,True,False,2.0,7.7,True,True,False,,okay,EU & ROW,,,PL-0000000061.png,"['PU', 'Chassis-Cab', 'ROW', 'GCC', 'Australia', 'EU']","['Print in house', 'Self destructive']",6,2
x,"PL-0000000065
PL-0000000066
PL-0000000067
PL-0000000068
PL-0000000069",CORRECTION MANUAL LABELS,True,False,True,True,True,True,True,True,6,False,True,False,True,False,2.0,,False,False,False,,okay,for rework,,,PL-0000000065_PL-0000000066_PL-0000000067_PL-0000000068_PL-0000000069.png,"['PU', 'ROW', 'GCC', 'Australia', 'Canada / Mexico', 'US', 'EU']","['Print in house', 'Self destructive']",7,2
x,PL-0000000078,BRINK TOWING LABEL,False,False,False,False,True,False,False,False,1,False,True,False,True,False,3.0,,False,False,False,,,,,,PL-0000000078.png,['Australia'],"['Print in house', 'Self destructive']",1,2
,EI-0000015544,FUEL ECONOMY LABLE EU,False,False,False,False,False,False,False,True,1,True,False,False,False,True,1.0,2.3,False,True,True,HANG ON PARTS,okay,No,,"update
22.07.2021 MSE_ASC:  ok
30.08 not relevant for PTO1",EI-0000015544.png,['EU'],"['Procured', 'Removable']",1,2
,EI-0000015546,FUEL ECONOMY LABLE CDN,False,False,False,False,False,True,False,False,1,True,False,False,False,True,1.0,2.3,False,True,True,HANG ON PARTS,okay,No,,"22.07.2021 MSE_ASC:  ok
Final Ineos logo is transfered on 23.07
30.08 not relevant for PTO1",EI-0000015546.png,['Canada / Mexico'],"['Procured', 'Removable']",1,2
,EI-0000015570,Environmental label ICE,False,False,False,False,False,False,False,True,1,True,False,False,False,True,1.0,4.8,False,True,False,Exterior,okay,No,,"This label is in alignment, because it must be in any national language and Ineos is in discussion with dealers how they can hanle this topic.",EI-0000015570.png,['EU'],"['Procured', 'Removable']",1,2
x,EI-0000015573,EMISSION LABLE CDN,False,False,False,False,False,True,False,False,1,False,True,False,True,False,1.0,6.6,False,True,True,HANG ON PARTS,okay,No,,"update
22.07.2021 MSE_ASC: 
alignment with Serhat to change black/white like US version
Final Ineos logo is transfered on 23.07
27.08 Dummy without variable data is in release process",EI-0000015573.png,['Canada / Mexico'],"['Print in house', 'Self destructive']",1,2
,EI-0000015587,OZONE REDUCTION RADIATOR LABLE US,False,False,False,False,False,False,True,False,1,False,True,False,True,False,1.0,6.2,False,True,True,HANG ON PARTS,okay,No,,"Corners to be rounded, 1,5mm radii
22.07.2021 MSE_ASC:  ok

Feedback from ERC that we dont have a construcction for which this label is required by law",EI-0000015587.png,['US'],"['Print in house', 'Self destructive']",1,2
no,EI-0000016467,JACK LABEL,False,False,False,False,True,False,False,False,1,True,False,False,True,False,2.0,18.1,True,True,True,CHASSIS,okay,No,,"ok
22.07.2021 MSE_ASC: ok",EI-0000016467.png,['Australia'],"['Procured', 'Self destructive']",1,2
,EI-0000016987,MONRONEY STICKER,False,False,False,False,False,False,True,False,1,True,False,False,False,True,1.0,4.9,False,True,True,EXTERIOR,okay,No,,"Update & Update with DinA4 measurements in process
22.07.2021 MSE_ASC: feasibitly is in discussion, how to print …..
Final Ineos logo is transfered on 23.07
30.08 not relevant for PTO1",,['US'],"['Procured', 'Removable']",1,2
x,EI-0000016459,IGNITION COIL WARNING,False,False,True,True,True,True,True,True,1,True,False,False,True,False,2.0,6.24,True,True,True,POWERTRAIN,okay,No,,"update
22.07.2021 MSE_ASC:  ok",EI-0000016459.png,"['ROW', 'GCC', 'Australia', 'Canada / Mexico', 'US', 'EU']","['Procured', 'Self destructive']",6,2
x,EI-0000016450,WARNING COOLING FAN,True,False,True,True,True,True,True,True,1,True,False,False,True,False,2.0,6.1,True,True,True,CHASSIS,okay,all,,,EI-0000016450.png,"['PU', 'ROW', 'GCC', 'Australia', 'Canada / Mexico', 'US', 'EU']","['Procured', 'Self destructive']",7,2
